Time(sec),Data
0.0,0.5
0.10000000000000001,0.5
0.20000000000000001,0.5
0.30000000000000004,0.5
0.40000000000000002,0.5
0.5,0.5
0.59999999999999998,0.5
0.69999999999999996,0.5
0.79999999999999993,0.5
0.89999999999999991,0.5
0.99999999999999989,0.5
1.0999999999999999,0.5
1.2,0.5
1.3,0.5
1.4000000000000001,0.5
1.5000000000000002,0.5
1.6000000000000003,0.5
1.7000000000000004,0.5
1.8000000000000005,0.5
1.9000000000000006,0.5
2.0000000000000004,0.5
2.1000000000000005,0.5
2.2000000000000006,0.5
2.3000000000000007,0.5
2.4000000000000008,0.5
2.5000000000000009,0.5
2.600000000000001,0.5
2.7000000000000011,0.5
2.8000000000000012,0.5
2.9000000000000012,0.5
3.0000000000000013,0.5
3.1000000000000014,0.5
3.2000000000000015,0.5
3.3000000000000016,0.5
3.4000000000000017,0.5
3.5000000000000018,0.5
3.6000000000000019,0.5
3.700000000000002,0.5
3.800000000000002,0.5
3.9000000000000021,0.5
4.0000000000000018,0.5
4.1000000000000014,0.5
4.2000000000000011,0.5
4.3000000000000007,0.5
4.4000000000000004,0.5
4.5,0.5
4.5999999999999996,0.5
4.6999999999999993,0.5
4.7999999999999989,0.5
4.8999999999999986,0.5
4.9999999999999982,0.5
5.0999999999999979,0.5
5.1999999999999975,0.5
5.2999999999999972,0.5
5.3999999999999968,0.5
5.4999999999999964,0.5
5.5999999999999961,0.5
5.6999999999999957,0.5
5.7999999999999954,0.5
5.899999999999995,0.48999999999999999
5.9999999999999947,0.47999999999999998
6.0999999999999943,0.46000000000000002
6.199999999999994,0.42999999999999999
6.2999999999999936,0.42999999999999999
6.3999999999999932,0.41999999999999998
6.4999999999999929,0.40999999999999998
6.5999999999999925,0.40999999999999998
6.6999999999999922,0.40000000000000002
6.7999999999999918,0.39000000000000001
6.8999999999999915,0.38
6.9999999999999911,0.37
7.0999999999999908,0.35999999999999999
7.1999999999999904,0.34999999999999998
7.2999999999999901,0.34000000000000002
7.3999999999999897,0.33000000000000002
7.4999999999999893,0.32000000000000001
7.599999999999989,0.32000000000000001
7.6999999999999886,0.31
7.7999999999999883,0.29999999999999999
7.8999999999999879,0.28999999999999998
7.9999999999999876,0.28000000000000003
8.0999999999999872,0.28000000000000003
8.1999999999999869,0.28000000000000003
8.2999999999999865,0.28000000000000003
8.3999999999999861,0.28000000000000003
8.4999999999999858,0.27000000000000002
8.5999999999999854,0.27000000000000002
8.6999999999999851,0.27000000000000002
8.7999999999999847,0.27000000000000002
8.8999999999999844,0.27000000000000002
8.999999999999984,0.26000000000000001
9.0999999999999837,0.26000000000000001
9.1999999999999833,0.25
9.2999999999999829,0.22
9.3999999999999826,0.20000000000000001
9.4999999999999822,0.17000000000000001
9.5999999999999819,0.11
9.6999999999999815,0.080000000000000002
9.7999999999999812,0.070000000000000007
9.8999999999999808,0.059999999999999998
9.9999999999999805,0.050000000000000003
10.09999999999998,0.050000000000000003
10.19999999999998,0.050000000000000003
10.299999999999979,0.050000000000000003
10.399999999999979,0.050000000000000003
10.499999999999979,0.050000000000000003
10.599999999999978,0.050000000000000003
10.699999999999978,0.050000000000000003
10.799999999999978,0.050000000000000003
10.899999999999977,0.050000000000000003
10.999999999999977,0.040000000000000001
11.099999999999977,0.040000000000000001
11.199999999999976,0.02
11.299999999999976,0.0
11.399999999999975,0.0
11.499999999999975,0.0
11.599999999999975,0.0
11.699999999999974,0.0
11.799999999999974,0.0
11.899999999999974,0.0
11.999999999999973,0.0
12.099999999999973,0.0
12.199999999999973,0.0
12.299999999999972,0.0
12.399999999999972,0.0
12.499999999999972,0.0
12.599999999999971,0.0
12.699999999999971,0.0
12.799999999999971,0.0
12.89999999999997,0.0
12.99999999999997,0.0
13.099999999999969,0.0
13.199999999999969,0.0
13.299999999999969,0.0
13.399999999999968,0.0
13.499999999999968,0.0
13.599999999999968,0.0
13.699999999999967,0.0
13.799999999999967,0.0
13.899999999999967,0.0
13.999999999999966,0.01
14.099999999999966,0.029999999999999999
14.199999999999966,0.070000000000000007
14.299999999999965,0.080000000000000002
14.399999999999965,0.089999999999999997
14.499999999999964,0.089999999999999997
14.599999999999964,0.10000000000000001
14.699999999999964,0.10000000000000001
14.799999999999963,0.10000000000000001
14.899999999999963,0.11
14.999999999999963,0.13
15.099999999999962,0.14999999999999999
15.199999999999962,0.17999999999999999
15.299999999999962,0.20000000000000001
15.399999999999961,0.22
15.499999999999961,0.23000000000000001
15.599999999999961,0.23999999999999999
15.69999999999996,0.25
15.79999999999996,0.26000000000000001
15.899999999999959,0.27000000000000002
15.999999999999959,0.27000000000000002
16.099999999999959,0.28000000000000003
16.19999999999996,0.28000000000000003
16.299999999999962,0.28999999999999998
16.399999999999963,0.28999999999999998
16.499999999999964,0.29999999999999999
16.599999999999966,0.29999999999999999
16.699999999999967,0.31
16.799999999999969,0.31
16.89999999999997,0.31
16.999999999999972,0.32000000000000001
17.099999999999973,0.32000000000000001
17.199999999999974,0.32000000000000001
17.299999999999976,0.32000000000000001
17.399999999999977,0.33000000000000002
17.499999999999979,0.34000000000000002
17.59999999999998,0.34999999999999998
17.699999999999982,0.34999999999999998
17.799999999999983,0.34999999999999998
17.899999999999984,0.34999999999999998
17.999999999999986,0.34999999999999998
18.099999999999987,0.35999999999999999
18.199999999999989,0.35999999999999999
18.29999999999999,0.35999999999999999
18.399999999999991,0.35999999999999999
18.499999999999993,0.35999999999999999
18.599999999999994,0.35999999999999999
18.699999999999996,0.35999999999999999
18.799999999999997,0.37
18.899999999999999,0.38
19.0,0.39000000000000001
19.100000000000001,0.39000000000000001
19.200000000000003,0.40000000000000002
19.300000000000004,0.40999999999999998
19.400000000000006,0.41999999999999998
19.500000000000007,0.44
19.600000000000009,0.44
19.70000000000001,0.45000000000000001
19.800000000000011,0.46999999999999997
19.900000000000013,0.47999999999999998
20.000000000000014,0.48999999999999999
20.100000000000016,0.5
20.200000000000017,0.51000000000000001
20.300000000000018,0.53000000000000003
20.40000000000002,0.55000000000000004
20.500000000000021,0.56999999999999995
20.600000000000023,0.57999999999999996
20.700000000000024,0.58999999999999997
20.800000000000026,0.60999999999999999
20.900000000000027,0.62
21.000000000000028,0.63
21.10000000000003,0.64000000000000001
21.200000000000031,0.65000000000000002
21.300000000000033,0.67000000000000004
21.400000000000034,0.68999999999999995
21.500000000000036,0.70999999999999996
21.600000000000037,0.72999999999999998
21.700000000000038,0.73999999999999999
21.80000000000004,0.75
21.900000000000041,0.76000000000000001
22.000000000000043,0.78000000000000003
22.100000000000044,0.79000000000000004
22.200000000000045,0.80000000000000004
22.300000000000047,0.81999999999999995
22.400000000000048,0.83999999999999997
22.50000000000005,0.83999999999999997
22.600000000000051,0.83999999999999997
22.700000000000053,0.83999999999999997
22.800000000000054,0.83999999999999997
22.900000000000055,0.80000000000000004
23.000000000000057,0.75
23.100000000000058,0.72999999999999998
23.20000000000006,0.68999999999999995
23.300000000000061,0.67000000000000004
23.400000000000063,0.65000000000000002
23.500000000000064,0.63
23.600000000000065,0.63
23.700000000000067,0.62
23.800000000000068,0.62
23.90000000000007,0.60999999999999999
24.000000000000071,0.59999999999999998
24.100000000000072,0.59999999999999998
24.200000000000074,0.57999999999999996
24.300000000000075,0.56000000000000005
24.400000000000077,0.54000000000000004
24.500000000000078,0.51000000000000001
24.60000000000008,0.47999999999999998
24.700000000000081,0.46000000000000002
24.800000000000082,0.44
24.900000000000084,0.42999999999999999
25.000000000000085,0.41999999999999998
25.100000000000087,0.40999999999999998
25.200000000000088,0.39000000000000001
25.30000000000009,0.37
25.400000000000091,0.32000000000000001
25.500000000000092,0.28999999999999998
25.600000000000094,0.28999999999999998
25.700000000000095,0.28999999999999998
25.800000000000097,0.27000000000000002
25.900000000000098,0.23999999999999999
26.000000000000099,0.22
26.100000000000101,0.20999999999999999
26.200000000000102,0.19
26.300000000000104,0.12
26.400000000000105,0.02
26.500000000000107,0.0
26.600000000000108,0.0
26.700000000000109,0.0
26.800000000000111,0.0
26.900000000000112,0.0
27.000000000000114,0.0
27.100000000000115,0.0
27.200000000000117,0.0
27.300000000000118,0.0
27.400000000000119,0.0
27.500000000000121,0.0
27.600000000000122,0.0
27.700000000000124,0.0
27.800000000000125,0.0
27.900000000000126,0.0
28.000000000000128,0.0
28.100000000000129,0.0
28.200000000000131,0.0
28.300000000000132,0.0
28.400000000000134,0.0
28.500000000000135,0.0
28.600000000000136,0.01
28.700000000000138,0.16500000000000001
28.800000000000139,0.17999999999999999
28.900000000000141,0.17000000000000001
29.000000000000142,0.14999999999999999
29.100000000000144,0.12
29.200000000000145,0.11
29.300000000000146,0.11
29.400000000000148,0.12
29.500000000000149,0.14000000000000001
29.600000000000151,0.14000000000000001
29.700000000000152,0.14000000000000001
29.800000000000153,0.14000000000000001
29.900000000000155,0.16
30.000000000000156,0.17000000000000001
30.100000000000158,0.17999999999999999
30.200000000000159,0.0
30.300000000000161,0.0
30.400000000000162,0.0
30.500000000000163,0.0
30.600000000000165,0.0
30.700000000000166,0.0
30.800000000000168,0.0
30.900000000000169,0.0
31.000000000000171,0.0
31.100000000000172,0.0
31.200000000000173,0.0
31.300000000000175,0.0
31.400000000000176,0.0
31.500000000000178,0.0
31.600000000000179,0.0
31.70000000000018,0.0
31.800000000000182,0.0
31.900000000000183,0.0
32.000000000000185,0.01
32.100000000000186,0.040000000000000001
32.200000000000188,0.080000000000000002
32.300000000000189,0.10000000000000001
32.40000000000019,0.12
32.500000000000192,0.13
32.600000000000193,0.14000000000000001
32.700000000000195,0.14999999999999999
32.800000000000196,0.17000000000000001
32.900000000000198,0.17999999999999999
33.000000000000199,0.19
33.1000000000002,0.22
33.200000000000202,0.25
33.300000000000203,0.26000000000000001
33.400000000000205,0.27000000000000002
33.500000000000206,0.28999999999999998
33.600000000000207,0.29999999999999999
33.700000000000209,0.31
33.80000000000021,0.32000000000000001
33.900000000000212,0.34000000000000002
34.000000000000213,0.34000000000000002
34.100000000000215,0.34000000000000002
34.200000000000216,0.37
34.300000000000217,0.38
34.400000000000219,0.40000000000000002
34.50000000000022,0.40999999999999998
34.600000000000222,0.44
34.700000000000223,0.46999999999999997
34.800000000000225,0.53000000000000003
34.900000000000226,0.58999999999999997
35.000000000000227,0.65000000000000002
35.100000000000229,0.71999999999999997
35.20000000000023,0.75
35.300000000000232,0.79000000000000004
35.400000000000233,0.81000000000000005
35.500000000000234,0.89500000000000002
35.600000000000236,0.98999999999999999
35.700000000000237,0.98999999999999999
35.800000000000239,0.98999999999999999
35.90000000000024,0.98999999999999999
36.000000000000242,0.98999999999999999
36.100000000000243,0.98999999999999999
36.200000000000244,0.98999999999999999
36.300000000000246,0.98999999999999999
36.400000000000247,0.98999999999999999
36.500000000000249,0.98999999999999999
36.60000000000025,0.98999999999999999
36.700000000000252,0.98999999999999999
36.800000000000253,0.98999999999999999
36.900000000000254,0.98999999999999999
37.000000000000256,0.96999999999999997
37.100000000000257,0.89000000000000001
37.200000000000259,0.89000000000000001
37.30000000000026,0.89000000000000001
37.400000000000261,0.88
37.500000000000263,0.87
37.600000000000264,0.85999999999999999
37.700000000000266,0.84999999999999998
37.800000000000267,0.82999999999999996
37.900000000000269,0.81999999999999995
38.00000000000027,0.81000000000000005
38.100000000000271,0.80000000000000004
38.200000000000273,0.80000000000000004
38.300000000000274,0.78000000000000003
38.400000000000276,0.77000000000000002
38.500000000000277,0.75
38.600000000000279,0.73999999999999999
38.70000000000028,0.72999999999999998
38.800000000000281,0.72999999999999998
38.900000000000283,0.71999999999999997
39.000000000000284,0.71999999999999997
39.100000000000286,0.70999999999999996
39.200000000000287,0.68000000000000005
39.300000000000288,0.66000000000000003
39.40000000000029,0.65000000000000002
39.500000000000291,0.63
39.600000000000293,0.60999999999999999
39.700000000000294,0.58999999999999997
39.800000000000296,0.57999999999999996
39.900000000000297,0.56999999999999995
40.000000000000298,0.56999999999999995
40.1000000000003,0.56999999999999995
40.200000000000301,0.56999999999999995
40.300000000000303,0.58999999999999997
40.400000000000304,0.62
40.500000000000306,0.63
40.600000000000307,0.63
40.700000000000308,0.63
40.80000000000031,0.63
40.900000000000311,0.63
41.000000000000313,0.63500000000000001
41.100000000000314,0.63
41.200000000000315,0.62
41.300000000000317,0.60999999999999999
41.400000000000318,0.58999999999999997
41.50000000000032,0.57999999999999996
41.600000000000321,0.56999999999999995
41.700000000000323,0.56000000000000005
41.800000000000324,0.55000000000000004
41.900000000000325,0.55000000000000004
42.000000000000327,0.54000000000000004
42.100000000000328,0.53000000000000003
42.20000000000033,0.52000000000000002
42.300000000000331,0.51000000000000001
42.400000000000333,0.5
42.500000000000334,0.47999999999999998
42.600000000000335,0.46000000000000002
42.700000000000337,0.44
42.800000000000338,0.41999999999999998
42.90000000000034,0.41999999999999998
43.000000000000341,0.39000000000000001
43.100000000000342,0.33000000000000002
43.200000000000344,0.20999999999999999
43.300000000000345,0.19
43.400000000000347,0.17999999999999999
43.500000000000348,0.17999999999999999
43.60000000000035,0.14999999999999999
43.700000000000351,0.10000000000000001
43.800000000000352,0.10000000000000001
43.900000000000354,0.10000000000000001
44.000000000000355,0.089999999999999997
44.100000000000357,0.080000000000000002
44.200000000000358,0.0
44.30000000000036,0.0
44.400000000000361,0.0
44.500000000000362,0.0
44.600000000000364,0.0
44.700000000000365,0.0
44.800000000000367,0.0
44.900000000000368,0.0
45.000000000000369,0.0
45.100000000000371,0.0
45.200000000000372,0.0
45.300000000000374,0.0
45.400000000000375,0.0
45.500000000000377,0.0
45.600000000000378,0.0
45.700000000000379,0.0
45.800000000000381,0.0
45.900000000000382,0.0
46.000000000000384,0.0
46.100000000000385,0.0
46.200000000000387,0.0
46.300000000000388,0.0
46.400000000000389,0.0
46.500000000000391,0.0
46.600000000000392,0.0
46.700000000000394,0.0
46.800000000000395,0.02
46.900000000000396,0.059999999999999998
47.000000000000398,0.089999999999999997
47.100000000000399,0.11
47.200000000000401,0.12
47.300000000000402,0.14999999999999999
47.400000000000404,0.17000000000000001
47.500000000000405,0.19
47.600000000000406,0.22
47.700000000000408,0.23000000000000001
47.800000000000409,0.23999999999999999
47.900000000000411,0.26000000000000001
48.000000000000412,0.28000000000000003
48.100000000000414,0.29999999999999999
48.200000000000415,0.29999999999999999
48.300000000000416,0.32000000000000001
48.400000000000418,0.33000000000000002
48.500000000000419,0.34999999999999998
48.600000000000421,0.39000000000000001
48.700000000000422,0.42999999999999999
48.800000000000423,0.45000000000000001
48.900000000000425,0.46999999999999997
49.000000000000426,0.48999999999999999
49.100000000000428,0.5
49.200000000000429,0.52000000000000002
49.300000000000431,0.53000000000000003
49.400000000000432,0.53000000000000003
49.500000000000433,0.53000000000000003
49.600000000000435,0.53000000000000003
49.700000000000436,0.53000000000000003
49.800000000000438,0.55000000000000004
49.900000000000439,0.56000000000000005
50.000000000000441,0.56000000000000005
50.100000000000442,0.56000000000000005
50.200000000000443,0.56000000000000005
50.300000000000445,0.56000000000000005
50.400000000000446,0.53000000000000003
50.500000000000448,0.52500000000000002
50.600000000000449,0.52000000000000002
50.70000000000045,0.52000000000000002
50.800000000000452,0.52000000000000002
50.900000000000453,0.52000000000000002
51.000000000000455,0.52000000000000002
51.100000000000456,0.52000000000000002
51.200000000000458,0.52000000000000002
51.300000000000459,0.52000000000000002
51.40000000000046,0.53000000000000003
51.500000000000462,0.55000000000000004
51.600000000000463,0.56999999999999995
51.700000000000465,0.56999999999999995
51.800000000000466,0.57999999999999996
51.900000000000468,0.57999999999999996
52.000000000000469,0.57999999999999996
52.10000000000047,0.58999999999999997
52.200000000000472,0.59999999999999998
52.300000000000473,0.59999999999999998
52.400000000000475,0.60999999999999999
52.500000000000476,0.60999999999999999
52.600000000000477,0.61499999999999999
52.700000000000479,0.63
52.80000000000048,0.65000000000000002
52.900000000000482,0.68000000000000005
53.000000000000483,0.75
53.100000000000485,0.78000000000000003
53.200000000000486,0.80000000000000004
53.300000000000487,0.81999999999999995
53.400000000000489,0.83999999999999997
53.50000000000049,0.85999999999999999
53.600000000000492,0.85999999999999999
53.700000000000493,0.85999999999999999
53.800000000000495,0.85999999999999999
53.900000000000496,0.87
54.000000000000497,0.88
54.100000000000499,0.89000000000000001
54.2000000000005,0.89000000000000001
54.300000000000502,0.90000000000000002
54.400000000000503,0.91000000000000003
54.500000000000504,0.92000000000000004
54.600000000000506,0.92000000000000004
54.700000000000507,0.92000000000000004
54.800000000000509,0.92000000000000004
54.90000000000051,0.92000000000000004
55.000000000000512,0.92000000000000004
55.100000000000513,0.92000000000000004
55.200000000000514,0.92000000000000004
55.300000000000516,0.92000000000000004
55.400000000000517,0.92000000000000004
55.500000000000519,0.92000000000000004
55.60000000000052,0.92000000000000004
55.700000000000522,0.93000000000000005
55.800000000000523,0.93000000000000005
55.900000000000524,0.90000000000000002
56.000000000000526,0.85999999999999999
56.100000000000527,0.82999999999999996
56.200000000000529,0.78000000000000003
56.30000000000053,0.75
56.400000000000531,0.73999999999999999
56.500000000000533,0.72999999999999998
56.600000000000534,0.71999999999999997
56.700000000000536,0.71999999999999997
56.800000000000537,0.71999999999999997
56.900000000000539,0.70999999999999996
57.00000000000054,0.66000000000000003
57.100000000000541,0.49249999999999999
57.200000000000543,0.12
57.300000000000544,0.080000000000000002
57.400000000000546,0.040000000000000001
57.500000000000547,0.029999999999999999
57.600000000000549,0.029999999999999999
57.70000000000055,0.040000000000000001
57.800000000000551,0.070000000000000007
57.900000000000553,0.070000000000000007
58.000000000000554,0.070000000000000007
58.100000000000556,0.070000000000000007
58.200000000000557,0.070000000000000007
58.300000000000558,0.070000000000000007
58.40000000000056,0.070000000000000007
58.500000000000561,0.070000000000000007
58.600000000000563,0.050000000000000003
58.700000000000564,0.040000000000000001
58.800000000000566,0.029999999999999999
58.900000000000567,0.029999999999999999
59.000000000000568,0.029999999999999999
59.10000000000057,0.029999999999999999
59.200000000000571,0.029999999999999999
59.300000000000573,0.02
59.400000000000574,0.0
59.500000000000576,0.0
59.600000000000577,0.0
59.700000000000578,0.0
59.80000000000058,0.0
59.900000000000581,0.0
60.000000000000583,0.0
60.100000000000584,0.0
60.200000000000585,0.0
60.300000000000587,0.02
60.400000000000588,0.040000000000000001
60.50000000000059,0.040000000000000001
60.600000000000591,0.029999999999999999
60.700000000000593,0.02
60.800000000000594,0.02
60.900000000000595,0.02
61.000000000000597,0.02
61.100000000000598,0.02
61.2000000000006,0.02
61.300000000000601,0.02
61.400000000000603,0.02
61.500000000000604,0.02
61.600000000000605,0.01
61.700000000000607,0.0050000000000000001
61.800000000000608,0.0
61.90000000000061,0.0
62.000000000000611,0.01
62.100000000000612,0.02
62.200000000000614,0.02
62.300000000000615,0.02
62.400000000000617,0.0
62.500000000000618,0.0
62.60000000000062,0.0
62.700000000000621,0.0
62.800000000000622,0.02
62.900000000000624,0.02
63.000000000000625,0.02
63.100000000000627,0.0
63.200000000000628,0.0
63.30000000000063,0.0
63.400000000000631,0.0
63.500000000000632,0.0
63.600000000000634,0.0
63.700000000000635,0.0
63.800000000000637,0.0
63.900000000000638,0.0
64.000000000000639,0.0
64.100000000000634,0.0
64.200000000000628,0.0
64.300000000000622,0.0
64.400000000000617,0.0
64.500000000000611,0.0
64.600000000000605,0.0
64.7000000000006,0.0
64.800000000000594,0.0
64.900000000000588,0.0
65.000000000000583,0.0
65.100000000000577,0.0
65.200000000000571,0.0
65.300000000000566,0.0
65.40000000000056,0.0
65.500000000000554,0.029999999999999999
65.600000000000549,0.02
65.700000000000543,0.0
65.800000000000537,0.0
65.900000000000531,0.0
66.000000000000526,0.02
66.10000000000052,0.070000000000000007
66.200000000000514,0.11
66.300000000000509,0.13
66.400000000000503,0.14999999999999999
66.500000000000497,0.16
66.600000000000492,0.17000000000000001
66.700000000000486,0.17000000000000001
66.80000000000048,0.17999999999999999
66.900000000000475,0.17999999999999999
67.000000000000469,0.19
67.100000000000463,0.20000000000000001
67.200000000000458,0.20999999999999999
67.300000000000452,0.22
67.400000000000446,0.23999999999999999
67.500000000000441,0.25
67.600000000000435,0.26000000000000001
67.700000000000429,0.27000000000000002
67.800000000000423,0.28999999999999998
67.900000000000418,0.31
68.000000000000412,0.32000000000000001
68.100000000000406,0.32000000000000001
68.200000000000401,0.34000000000000002
68.300000000000395,0.37
68.400000000000389,0.42999999999999999
68.500000000000384,0.5
68.600000000000378,0.54000000000000004
68.700000000000372,0.58999999999999997
68.800000000000367,0.71999999999999997
68.900000000000361,0.73999999999999999
69.000000000000355,0.76000000000000001
69.10000000000035,0.80000000000000004
69.200000000000344,0.81999999999999995
69.300000000000338,0.81999999999999995
69.400000000000333,0.83999999999999997
69.500000000000327,0.88
69.600000000000321,0.92000000000000004
69.700000000000315,0.93999999999999995
69.80000000000031,0.94999999999999996
69.900000000000304,0.94999999999999996
70.000000000000298,0.93999999999999995
70.100000000000293,0.90000000000000002
70.200000000000287,0.87
70.300000000000281,0.87
70.400000000000276,0.85999999999999999
70.50000000000027,0.82999999999999996
70.600000000000264,0.81999999999999995
70.700000000000259,0.81999999999999995
70.800000000000253,0.81000000000000005
70.900000000000247,0.79000000000000004
71.000000000000242,0.77000000000000002
71.100000000000236,0.75
71.20000000000023,0.72999999999999998
71.300000000000225,0.70999999999999996
71.400000000000219,0.68999999999999995
71.500000000000213,0.67000000000000004
71.600000000000207,0.65000000000000002
71.700000000000202,0.63
71.800000000000196,0.60999999999999999
71.90000000000019,0.58999999999999997
72.000000000000185,0.57999999999999996
72.100000000000179,0.57999999999999996
72.200000000000173,0.57999999999999996
72.300000000000168,0.57999999999999996
72.400000000000162,0.56000000000000005
72.500000000000156,0.55000000000000004
72.600000000000151,0.53000000000000003
72.700000000000145,0.51000000000000001
72.800000000000139,0.5
72.900000000000134,0.48999999999999999
73.000000000000128,0.51000000000000001
73.100000000000122,0.53000000000000003
73.200000000000117,0.55000000000000004
73.300000000000111,0.56999999999999995
73.400000000000105,0.57999999999999996
73.500000000000099,0.57999999999999996
73.600000000000094,0.58999999999999997
73.700000000000088,0.59999999999999998
73.800000000000082,0.59999999999999998
73.900000000000077,0.59999999999999998
74.000000000000071,0.59999999999999998
74.100000000000065,0.59999999999999998
74.20000000000006,0.59999999999999998
74.300000000000054,0.59999999999999998
74.400000000000048,0.59999999999999998
74.500000000000043,0.56999999999999995
74.600000000000037,0.54000000000000004
74.700000000000031,0.53000000000000003
74.800000000000026,0.52000000000000002
74.90000000000002,0.52000000000000002
75.000000000000014,0.51000000000000001
75.100000000000009,0.51000000000000001
75.200000000000003,0.51000000000000001
75.299999999999997,0.48999999999999999
75.399999999999991,0.48999999999999999
75.499999999999986,0.47999999999999998
75.59999999999998,0.47999999999999998
75.699999999999974,0.47999999999999998
75.799999999999969,0.46999999999999997
75.899999999999963,0.45000000000000001
75.999999999999957,0.29999999999999999
76.099999999999952,0.18000000000000002
76.199999999999946,0.10000000000000001
76.29999999999994,0.10000000000000001
76.399999999999935,0.10000000000000001
76.499999999999929,0.10000000000000001
76.599999999999923,0.11
76.699999999999918,0.11
76.799999999999912,0.12
76.899999999999906,0.12
76.999999999999901,0.12
77.099999999999895,0.12
77.199999999999889,0.12
77.299999999999883,0.12
77.399999999999878,0.073333333333333334
77.499999999999872,0.0
77.599999999999866,0.0
77.699999999999861,0.0
77.799999999999855,0.0
77.899999999999849,0.0
77.999999999999844,0.0
78.099999999999838,0.0
78.199999999999832,0.0
78.299999999999827,0.0
78.399999999999821,0.0
78.499999999999815,0.0
78.59999999999981,0.0
78.699999999999804,0.090000000000000011
78.799999999999798,0.16
78.899999999999793,0.17000000000000001
78.999999999999787,0.14999999999999999
79.099999999999781,0.13
79.199999999999775,0.13
79.29999999999977,0.12
79.399999999999764,0.089999999999999997
79.499999999999758,0.050000000000000003
79.599999999999753,0.02
79.699999999999747,0.0
79.799999999999741,0.0
79.899999999999736,0.0
79.99999999999973,0.0
80.099999999999724,0.0
80.199999999999719,0.0
80.299999999999713,0.0
80.399999999999707,0.0
80.499999999999702,0.0
80.599999999999696,0.11499999999999999
80.69999999999969,0.16
80.799999999999685,0.17999999999999999
80.899999999999679,0.20000000000000001
80.999999999999673,0.20999999999999999
81.099999999999667,0.22
81.199999999999662,0.22
81.299999999999656,0.20999999999999999
81.39999999999965,0.19
81.499999999999645,0.19
81.599999999999639,0.20999999999999999
81.699999999999633,0.23999999999999999
81.799999999999628,0.26000000000000001
81.899999999999622,0.27000000000000002
81.999999999999616,0.28999999999999998
82.099999999999611,0.32000000000000001
82.199999999999605,0.34000000000000002
82.299999999999599,0.35999999999999999
82.399999999999594,0.37
82.499999999999588,0.38
82.599999999999582,0.39000000000000001
82.699999999999577,0.39000000000000001
82.799999999999571,0.39000000000000001
82.899999999999565,0.40000000000000002
82.999999999999559,0.40999999999999998
83.099999999999554,0.40999999999999998
83.199999999999548,0.40999999999999998
83.299999999999542,0.40999999999999998
83.399999999999537,0.41999999999999998
83.499999999999531,0.42999999999999999
83.599999999999525,0.45000000000000001
83.69999999999952,0.47999999999999998
83.799999999999514,0.48999999999999999
83.899999999999508,0.48999999999999999
83.999999999999503,0.51000000000000001
84.099999999999497,0.51000000000000001
84.199999999999491,0.55000000000000004
84.299999999999486,0.56999999999999995
84.39999999999948,0.59999999999999998
84.499999999999474,0.64000000000000001
84.599999999999469,0.65000000000000002
84.699999999999463,0.66000000000000003
84.799999999999457,0.66000000000000003
84.899999999999451,0.66000000000000003
84.999999999999446,0.68000000000000005
85.09999999999944,0.68000000000000005
85.199999999999434,0.68999999999999995
85.299999999999429,0.70999999999999996
85.399999999999423,0.70999999999999996
85.499999999999417,0.71999999999999997
85.599999999999412,0.73999999999999999
85.699999999999406,0.76000000000000001
85.7999999999994,0.76000000000000001
85.899999999999395,0.76000000000000001
85.999999999999389,0.78000000000000003
86.099999999999383,0.80000000000000004
86.199999999999378,0.80000000000000004
86.299999999999372,0.80000000000000004
86.399999999999366,0.80000000000000004
86.499999999999361,0.81000000000000005
86.599999999999355,0.81000000000000005
86.699999999999349,0.81000000000000005
86.799999999999343,0.80000000000000004
86.899999999999338,0.80000000000000004
86.999999999999332,0.81000000000000005
87.099999999999326,0.81999999999999995
87.199999999999321,0.82999999999999996
87.299999999999315,0.83999999999999997
87.399999999999309,0.84999999999999998
87.499999999999304,0.88
87.599999999999298,0.90000000000000002
87.699999999999292,0.92000000000000004
87.799999999999287,0.93000000000000005
87.899999999999281,0.95999999999999996
87.999999999999275,0.96999999999999997
88.09999999999927,0.96999999999999997
88.199999999999264,0.96999999999999997
88.299999999999258,0.96999999999999997
88.399999999999253,0.96999999999999997
88.499999999999247,0.96999999999999997
88.599999999999241,0.96999999999999997
88.699999999999235,0.95999999999999996
88.79999999999923,0.95999999999999996
88.899999999999224,0.95999999999999996
88.999999999999218,0.94999999999999996
89.099999999999213,0.92000000000000004
89.199999999999207,0.89000000000000001
89.299999999999201,0.88
89.399999999999196,0.83999999999999997
89.49999999999919,0.76000000000000001
89.599999999999184,0.65000000000000002
89.699999999999179,0.45499999999999996
89.799999999999173,0.27000000000000002
89.899999999999167,0.27000000000000002
89.999999999999162,0.27000000000000002
90.099999999999156,0.26000000000000001
90.19999999999915,0.23999999999999999
90.299999999999145,0.23999999999999999
90.399999999999139,0.23000000000000001
90.499999999999133,0.23000000000000001
90.599999999999127,0.23000000000000001
90.699999999999122,0.23000000000000001
90.799999999999116,0.23000000000000001
90.89999999999911,0.22
90.999999999999105,0.20999999999999999
91.099999999999099,0.20000000000000001
91.199999999999093,0.19
91.299999999999088,0.17999999999999999
91.399999999999082,0.17000000000000001
91.499999999999076,0.16
91.599999999999071,0.14000000000000001
91.699999999999065,0.13
91.799999999999059,0.13
91.899999999999054,0.12
91.999999999999048,0.11
92.099999999999042,0.10000000000000001
92.199999999999037,0.089999999999999997
92.299999999999031,0.080000000000000002
92.399999999999025,0.070000000000000007
92.499999999999019,0.070000000000000007
92.599999999999014,0.070000000000000007
92.699999999999008,0.070000000000000007
92.799999999999002,0.070000000000000007
92.899999999998997,0.070000000000000007
92.999999999998991,0.070000000000000007
93.099999999998985,0.070000000000000007
93.19999999999898,0.059999999999999998
93.299999999998974,0.059999999999999998
93.399999999998968,0.040000000000000001
93.499999999998963,0.029999999999999999
93.599999999998957,0.02
93.699999999998951,0.02
93.799999999998946,0.01
93.89999999999894,0.01
93.999999999998934,0.01
94.099999999998929,0.01
94.199999999998923,0.01
94.299999999998917,0.01
94.399999999998911,0.01
94.499999999998906,0.01
94.5999999999989,0.02
94.699999999998894,0.02
94.799999999998889,0.02
94.899999999998883,0.02
94.999999999998877,0.02
95.099999999998872,0.0
95.199999999998866,0.0
95.29999999999886,0.0
95.399999999998855,0.0
95.499999999998849,0.0
95.599999999998843,0.0
95.699999999998838,0.0
95.799999999998832,0.0
95.899999999998826,0.0
95.99999999999882,0.0
96.099999999998815,0.0
96.199999999998809,0.0
96.299999999998803,0.0
96.399999999998798,0.0
96.499999999998792,0.0
96.599999999998786,0.0
96.699999999998781,0.0
96.799999999998775,0.0
96.899999999998769,0.0
96.999999999998764,0.0
97.099999999998758,0.0
97.199999999998752,0.0
97.299999999998747,0.0
97.399999999998741,0.02
97.499999999998735,0.02
97.59999999999873,0.01
97.699999999998724,0.0
97.799999999998718,0.0
97.899999999998712,0.0
97.999999999998707,0.0
98.099999999998701,0.0
98.199999999998695,0.0
98.29999999999869,0.0
98.399999999998684,0.0
98.499999999998678,0.0
98.599999999998673,0.0
98.699999999998667,0.0
98.799999999998661,0.0
98.899999999998656,0.01
98.99999999999865,0.040000000000000001
99.099999999998644,0.059999999999999998
99.199999999998639,0.080000000000000002
99.299999999998633,0.089999999999999997
99.399999999998627,0.089999999999999997
99.499999999998622,0.10000000000000001
99.599999999998616,0.11
99.69999999999861,0.12
99.799999999998604,0.14000000000000001
99.899999999998599,0.14000000000000001
99.999999999998593,0.14999999999999999
100.09999999999859,0.17000000000000001
100.19999999999858,0.20000000000000001
100.29999999999858,0.26000000000000001
100.39999999999857,0.31
100.49999999999856,0.39000000000000001
100.59999999999856,0.46000000000000002
100.69999999999855,0.52000000000000002
100.79999999999855,0.56000000000000005
100.89999999999854,0.56499999999999995
100.99999999999854,0.58999999999999997
101.09999999999853,0.59999999999999998
101.19999999999852,0.60999999999999999
101.29999999999852,0.60999999999999999
101.39999999999851,0.60999999999999999
101.49999999999851,0.62
101.5999999999985,0.64000000000000001
101.6999999999985,0.67000000000000004
101.79999999999849,0.68999999999999995
101.89999999999849,0.73999999999999999
101.99999999999848,0.78000000000000003
102.09999999999847,0.80000000000000004
102.19999999999847,0.81000000000000005
102.29999999999846,0.81999999999999995
102.39999999999846,0.81999999999999995
102.49999999999845,0.81999999999999995
102.59999999999845,0.82999999999999996
102.69999999999844,0.83999999999999997
102.79999999999843,0.83999999999999997
102.89999999999843,0.83999999999999997
102.99999999999842,0.83999999999999997
103.09999999999842,0.83999999999999997
103.19999999999841,0.83999999999999997
103.29999999999841,0.83999999999999997
103.3999999999984,0.81999999999999995
103.49999999999839,0.81999999999999995
103.59999999999839,0.81999999999999995
103.69999999999838,0.81999999999999995
103.79999999999838,0.81999999999999995
103.89999999999837,0.81999999999999995
103.99999999999837,0.81999999999999995
104.09999999999836,0.81000000000000005
104.19999999999835,0.77000000000000002
104.29999999999835,0.70999999999999996
104.39999999999834,0.68999999999999995
104.49999999999834,0.66000000000000003
104.59999999999833,0.66000000000000003
104.69999999999833,0.64000000000000001
104.79999999999832,0.63
104.89999999999831,0.62
104.99999999999831,0.60999999999999999
105.0999999999983,0.60999999999999999
105.1999999999983,0.60999999999999999
105.29999999999829,0.60999999999999999
105.39999999999829,0.60999999999999999
105.49999999999828,0.60999999999999999
105.59999999999827,0.60999999999999999
105.69999999999827,0.60999999999999999
105.79999999999826,0.60999999999999999
105.89999999999826,0.58999999999999997
105.99999999999825,0.57999999999999996
106.09999999999825,0.57999999999999996
106.19999999999824,0.57999999999999996
106.29999999999824,0.57999999999999996
106.39999999999823,0.57999999999999996
106.49999999999822,0.57999999999999996
106.59999999999822,0.56000000000000005
106.69999999999821,0.52000000000000002
106.79999999999821,0.48999999999999999
106.8999999999982,0.46999999999999997
106.9999999999982,0.46000000000000002
107.09999999999819,0.46000000000000002
107.19999999999818,0.45000000000000001
107.29999999999818,0.44
107.39999999999817,0.44
107.49999999999817,0.42999999999999999
107.59999999999816,0.42999999999999999
107.69999999999816,0.42999999999999999
107.79999999999815,0.44
107.89999999999814,0.44
107.99999999999814,0.44
108.09999999999813,0.44
108.19999999999813,0.44
108.29999999999812,0.42999999999999999
108.39999999999812,0.40999999999999998
108.49999999999811,0.40000000000000002
108.5999999999981,0.40000000000000002
108.6999999999981,0.39000000000000001
108.79999999999809,0.38500000000000001
108.89999999999809,0.35999999999999999
108.99999999999808,0.35999999999999999
109.09999999999808,0.34999999999999998
109.19999999999807,0.34000000000000002
109.29999999999806,0.34000000000000002
109.39999999999806,0.34000000000000002
109.49999999999805,0.33000000000000002
109.59999999999805,0.32000000000000001
109.69999999999804,0.29999999999999999
109.79999999999804,0.29999999999999999
109.89999999999803,0.28999999999999998
109.99999999999802,0.28999999999999998
110.09999999999802,0.28000000000000003
110.19999999999801,0.13
110.29999999999801,0.089999999999999997
110.399999999998,0.0
110.499999999998,0.0
110.59999999999799,0.0
110.69999999999798,0.0
110.79999999999798,0.0
110.89999999999797,0.0
110.99999999999797,0.0
111.09999999999796,0.0
111.19999999999796,0.0
111.29999999999795,0.0
111.39999999999795,0.0
111.49999999999794,0.0
111.59999999999793,0.0
111.69999999999793,0.0
111.79999999999792,0.0
111.89999999999792,0.0
111.99999999999791,0.0
112.09999999999791,0.0
112.1999999999979,0.0
112.29999999999789,0.0
112.39999999999789,0.0
112.49999999999788,0.0
112.59999999999788,0.0
112.69999999999787,0.0
112.79999999999787,0.0
112.89999999999786,0.0
112.99999999999785,0.0
113.09999999999785,0.0
113.19999999999784,0.0
113.29999999999784,0.0
113.39999999999783,0.0
113.49999999999783,0.01
113.59999999999782,0.029999999999999999
113.69999999999781,0.059999999999999998
113.79999999999781,0.089999999999999997
113.8999999999978,0.14000000000000001
113.9999999999978,0.19
114.09999999999779,0.19
114.19999999999779,0.20000000000000001
114.29999999999778,0.20999999999999999
114.39999999999777,0.22
114.49999999999777,0.23000000000000001
114.59999999999776,0.23999999999999999
114.69999999999776,0.27000000000000002
114.79999999999775,0.28999999999999998
114.89999999999775,0.29999999999999999
114.99999999999774,0.31
115.09999999999773,0.32000000000000001
115.19999999999773,0.33000000000000002
115.29999999999772,0.34000000000000002
115.39999999999772,0.34999999999999998
115.49999999999771,0.37
115.59999999999771,0.39000000000000001
115.6999999999977,0.40999999999999998
115.79999999999769,0.42999999999999999
115.89999999999769,0.45000000000000001
115.99999999999768,0.46999999999999997
116.09999999999768,0.47999999999999998
116.19999999999767,0.48999999999999999
116.29999999999767,0.5
116.39999999999766,0.52000000000000002
116.49999999999766,0.52000000000000002
116.59999999999765,0.54000000000000004
116.69999999999764,0.56999999999999995
116.79999999999764,0.56999999999999995
116.89999999999763,0.56999999999999995
116.99999999999763,0.57999999999999996
117.09999999999762,0.58999999999999997
117.19999999999762,0.59999999999999998
117.29999999999761,0.59999999999999998
117.3999999999976,0.59999999999999998
117.4999999999976,0.59999999999999998
117.59999999999759,0.59999999999999998
117.69999999999759,0.59999999999999998
117.79999999999758,0.60999999999999999
117.89999999999758,0.60999999999999999
117.99999999999757,0.60999999999999999
118.09999999999756,0.61499999999999999
118.19999999999756,0.62
118.29999999999755,0.62
118.39999999999755,0.63
118.49999999999754,0.64000000000000001
118.59999999999754,0.64000000000000001
118.69999999999753,0.64000000000000001
118.79999999999752,0.64000000000000001
118.89999999999752,0.64000000000000001
118.99999999999751,0.64000000000000001
119.09999999999751,0.63
119.1999999999975,0.59999999999999998
119.2999999999975,0.56999999999999995
119.39999999999749,0.56999999999999995
119.49999999999748,0.56999999999999995
119.59999999999748,0.56999999999999995
119.69999999999747,0.56999999999999995
119.79999999999747,0.56999999999999995
119.89999999999746,0.57999999999999996
119.99999999999746,0.58999999999999997
120.09999999999745,0.58999999999999997
120.19999999999744,0.60999999999999999
120.29999999999744,0.62
120.39999999999743,0.63
120.49999999999743,0.65000000000000002
120.59999999999742,0.66000000000000003
120.69999999999742,0.67000000000000004
120.79999999999741,0.67000000000000004
120.89999999999741,0.67000000000000004
120.9999999999974,0.67000000000000004
121.09999999999739,0.67000000000000004
121.19999999999739,0.67000000000000004
121.29999999999738,0.67000000000000004
121.39999999999738,0.68000000000000005
121.49999999999737,0.68999999999999995
121.59999999999737,0.68999999999999995
121.69999999999736,0.69999999999999996
121.79999999999735,0.69999999999999996
121.89999999999735,0.69999999999999996
121.99999999999734,0.69999999999999996
122.09999999999734,0.69999999999999996
122.19999999999733,0.69999999999999996
122.29999999999733,0.69999999999999996
122.39999999999732,0.68000000000000005
122.49999999999731,0.62
122.59999999999731,0.60999999999999999
122.6999999999973,0.57999999999999996
122.7999999999973,0.53000000000000003
122.89999999999729,0.46999999999999997
122.99999999999729,0.45000000000000001
123.09999999999728,0.42999999999999999
123.19999999999727,0.40999999999999998
123.29999999999727,0.38
123.39999999999726,0.35999999999999999
123.49999999999726,0.35999999999999999
123.59999999999725,0.35999999999999999
123.69999999999725,0.34000000000000002
123.79999999999724,0.29499999999999998
123.89999999999723,0.20000000000000001
123.99999999999723,0.17000000000000001
124.09999999999722,0.14000000000000001
124.19999999999722,0.13
124.29999999999721,0.13
124.39999999999721,0.13
124.4999999999972,0.13
124.59999999999719,0.13
124.69999999999719,0.13
124.79999999999718,0.13
124.89999999999718,0.13
124.99999999999717,0.13
125.09999999999717,0.13
125.19999999999716,0.13
125.29999999999715,0.13
125.39999999999715,0.12
125.49999999999714,0.12
125.59999999999714,0.11
125.69999999999713,0.11
125.79999999999713,0.11
125.89999999999712,0.11
125.99999999999712,0.11
126.09999999999711,0.11
126.1999999999971,0.11
126.2999999999971,0.11
126.39999999999709,0.11
126.49999999999709,0.11
126.59999999999708,0.11
126.69999999999708,0.11
126.79999999999707,0.11
126.89999999999706,0.11
126.99999999999706,0.11
127.09999999999705,0.11
127.19999999999705,0.11
127.29999999999704,0.10000000000000001
127.39999999999704,0.10000000000000001
127.49999999999703,0.10000000000000001
127.59999999999702,0.10000000000000001
127.69999999999702,0.10000000000000001
127.79999999999701,0.10000000000000001
127.89999999999701,0.10000000000000001
127.999999999997,0.089999999999999997
128.09999999999701,0.089999999999999997
128.199999999997,0.089999999999999997
128.299999999997,0.089999999999999997
128.39999999999699,0.089999999999999997
128.49999999999699,0.089999999999999997
128.59999999999698,0.089999999999999997
128.69999999999698,0.089999999999999997
128.79999999999697,0.089999999999999997
128.89999999999696,0.089999999999999997
128.99999999999696,0.089999999999999997
129.09999999999695,0.089999999999999997
129.19999999999695,0.089999999999999997
129.29999999999694,0.070000000000000007
129.39999999999694,0.070000000000000007
129.49999999999693,0.070000000000000007
129.59999999999692,0.070000000000000007
129.69999999999692,0.059999999999999998
129.79999999999691,0.059999999999999998
129.89999999999691,0.059999999999999998
129.9999999999969,0.059999999999999998
130.0999999999969,0.059999999999999998
130.19999999999689,0.050000000000000003
130.29999999999688,0.050000000000000003
130.39999999999688,0.050000000000000003
130.49999999999687,0.01
130.59999999999687,0.0050000000000000001
130.69999999999686,0.0
130.79999999999686,0.0
130.89999999999685,0.0
130.99999999999685,0.0
131.09999999999684,0.0
131.19999999999683,0.0
131.29999999999683,0.0
131.39999999999682,0.0
131.49999999999682,0.0
131.59999999999681,0.0
131.69999999999681,0.0
131.7999999999968,0.0
131.89999999999679,0.0
131.99999999999679,0.0
132.09999999999678,0.0
132.19999999999678,0.0
132.29999999999677,0.0
132.39999999999677,0.0
132.49999999999676,0.056666666666666664
132.59999999999675,0.21666666666666667
132.69999999999675,0.31
132.79999999999674,0.31
132.89999999999674,0.31
132.99999999999673,0.31
133.09999999999673,0.34999999999999998
133.19999999999672,0.40000000000000002
133.29999999999671,0.42999999999999999
133.39999999999671,0.46000000000000002
133.4999999999967,0.46999999999999997
133.5999999999967,0.48999999999999999
133.69999999999669,0.5
133.79999999999669,0.51000000000000001
133.89999999999668,0.52000000000000002
133.99999999999667,0.55000000000000004
134.09999999999667,0.55000000000000004
134.19999999999666,0.56000000000000005
134.29999999999666,0.56000000000000005
134.39999999999665,0.56999999999999995
134.49999999999665,0.56999999999999995
134.59999999999664,0.58999999999999997
134.69999999999663,0.59999999999999998
134.79999999999663,0.63
134.89999999999662,0.66000000000000003
134.99999999999662,0.67000000000000004
135.09999999999661,0.68000000000000005
135.19999999999661,0.68000000000000005
135.2999999999966,0.68000000000000005
135.3999999999966,0.69999999999999996
135.49999999999659,0.70999999999999996
135.59999999999658,0.70999999999999996
135.69999999999658,0.70999999999999996
135.79999999999657,0.70999999999999996
135.89999999999657,0.70999999999999996
135.99999999999656,0.70999999999999996
136.09999999999656,0.70999999999999996
136.19999999999655,0.70999999999999996
136.29999999999654,0.71999999999999997
136.39999999999654,0.71999999999999997
136.49999999999653,0.71999999999999997
136.59999999999653,0.71999999999999997
136.69999999999652,0.71999999999999997
136.79999999999652,0.71999999999999997
136.89999999999651,0.71999999999999997
136.9999999999965,0.71999999999999997
137.0999999999965,0.71999999999999997
137.19999999999649,0.71999999999999997
137.29999999999649,0.70999999999999996
137.39999999999648,0.69999999999999996
137.49999999999648,0.69999999999999996
137.59999999999647,0.69999999999999996
137.69999999999646,0.68999999999999995
137.79999999999646,0.68999999999999995
137.89999999999645,0.68000000000000005
137.99999999999645,0.68000000000000005
138.09999999999644,0.67000000000000004
138.19999999999644,0.66000000000000003
138.29999999999643,0.66000000000000003
138.39999999999642,0.65000000000000002
138.49999999999642,0.65000000000000002
138.59999999999641,0.65000000000000002
138.69999999999641,0.64000000000000001
138.7999999999964,0.63
138.8999999999964,0.63
138.99999999999639,0.63
139.09999999999638,0.62
139.19999999999638,0.62
139.29999999999637,0.60999999999999999
139.39999999999637,0.60999999999999999
139.49999999999636,0.59999999999999998
139.59999999999636,0.59999999999999998
139.69999999999635,0.59999999999999998
139.79999999999634,0.59999999999999998
139.89999999999634,0.59999999999999998
139.99999999999633,0.59999999999999998
140.09999999999633,0.59999999999999998
140.19999999999632,0.58999999999999997
140.29999999999632,0.58999999999999997
140.39999999999631,0.58999999999999997
140.49999999999631,0.58999999999999997
140.5999999999963,0.57999999999999996
140.69999999999629,0.56999999999999995
140.79999999999629,0.55000000000000004
140.89999999999628,0.54000000000000004
140.99999999999628,0.53000000000000003
141.09999999999627,0.53000000000000003
141.19999999999627,0.53000000000000003
141.29999999999626,0.53000000000000003
141.39999999999625,0.53000000000000003
141.49999999999625,0.53000000000000003
141.59999999999624,0.53000000000000003
141.69999999999624,0.53000000000000003
141.79999999999623,0.53000000000000003
141.89999999999623,0.53000000000000003
141.99999999999622,0.53000000000000003
142.09999999999621,0.52000000000000002
142.19999999999621,0.52000000000000002
142.2999999999962,0.52000000000000002
142.3999999999962,0.5
142.49999999999619,0.30499999999999999
142.59999999999619,0.14000000000000001
142.69999999999618,0.13
142.79999999999617,0.12
142.89999999999617,0.11
142.99999999999616,0.11
143.09999999999616,0.11
143.19999999999615,0.11
143.29999999999615,0.11
143.39999999999614,0.11
143.49999999999613,0.11
143.59999999999613,0.12
143.69999999999612,0.12
143.79999999999612,0.12
143.89999999999611,0.12
143.99999999999611,0.089999999999999997
144.0999999999961,0.01
144.19999999999609,0.0
144.29999999999609,0.0
144.39999999999608,0.0
144.49999999999608,0.0
144.59999999999607,0.0
144.69999999999607,0.0
144.79999999999606,0.0
144.89999999999606,0.0
144.99999999999605,0.0
145.09999999999604,0.0
145.19999999999604,0.0
145.29999999999603,0.0
145.39999999999603,0.0
145.49999999999602,0.0
145.59999999999602,0.0
145.69999999999601,0.0
145.799999999996,0.0
145.899999999996,0.0
145.99999999999599,0.0
146.09999999999599,0.0
146.19999999999598,0.0
146.29999999999598,0.0
146.39999999999597,0.0
146.49999999999596,0.0
146.59999999999596,0.0
146.69999999999595,0.0
146.79999999999595,0.0
146.89999999999594,0.0
146.99999999999594,0.0
147.09999999999593,0.01
147.19999999999592,0.040000000000000001
147.29999999999592,0.080000000000000002
147.39999999999591,0.12
147.49999999999591,0.14000000000000001
147.5999999999959,0.16
147.6999999999959,0.17999999999999999
147.79999999999589,0.20000000000000001
147.89999999999588,0.20000000000000001
147.99999999999588,0.20999999999999999
148.09999999999587,0.23000000000000001
148.19999999999587,0.23000000000000001
148.29999999999586,0.25
148.39999999999586,0.26000000000000001
148.49999999999585,0.27000000000000002
148.59999999999584,0.27000000000000002
148.69999999999584,0.28999999999999998
148.79999999999583,0.29999999999999999
148.89999999999583,0.32000000000000001
148.99999999999582,0.32000000000000001
149.09999999999582,0.33000000000000002
149.19999999999581,0.34000000000000002
149.2999999999958,0.34999999999999998
149.3999999999958,0.35999999999999999
149.49999999999579,0.37
149.59999999999579,0.38
149.69999999999578,0.38
149.79999999999578,0.39000000000000001
149.89999999999577,0.40000000000000002
149.99999999999577,0.40999999999999998
150.09999999999576,0.41999999999999998
150.19999999999575,0.44
150.29999999999575,0.45000000000000001
150.39999999999574,0.46999999999999997
150.49999999999574,0.48999999999999999
150.59999999999573,0.48999999999999999
150.69999999999573,0.51000000000000001
150.79999999999572,0.51000000000000001
150.89999999999571,0.53000000000000003
150.99999999999571,0.54000000000000004
151.0999999999957,0.55000000000000004
151.1999999999957,0.56000000000000005
151.29999999999569,0.57999999999999996
151.39999999999569,0.59999999999999998
151.49999999999568,0.59999999999999998
151.59999999999567,0.59999999999999998
151.69999999999567,0.60999999999999999
151.79999999999566,0.62
151.89999999999566,0.62
151.99999999999565,0.62
152.09999999999565,0.62
152.19999999999564,0.63
152.29999999999563,0.63
152.39999999999563,0.64000000000000001
152.49999999999562,0.65000000000000002
152.59999999999562,0.66000000000000003
152.69999999999561,0.66000000000000003
152.79999999999561,0.67000000000000004
152.8999999999956,0.68000000000000005
152.99999999999559,0.69999999999999996
153.09999999999559,0.71999999999999997
153.19999999999558,0.72999999999999998
153.29999999999558,0.75
153.39999999999557,0.77000000000000002
153.49999999999557,0.79000000000000004
153.59999999999556,0.81999999999999995
153.69999999999555,0.83999999999999997
153.79999999999555,0.84999999999999998
153.89999999999554,0.87
153.99999999999554,0.88
154.09999999999553,0.89000000000000001
154.19999999999553,0.89000000000000001
154.29999999999552,0.91000000000000003
154.39999999999552,0.92000000000000004
154.49999999999551,0.95999999999999996
154.5999999999955,0.98999999999999999
154.6999999999955,0.98999999999999999
154.79999999999549,0.98999999999999999
154.89999999999549,0.98999999999999999
154.99999999999548,0.98999999999999999
155.09999999999548,0.98999999999999999
155.19999999999547,0.98999999999999999
155.29999999999546,0.97000000000000008
155.39999999999546,0.81999999999999995
155.49999999999545,0.67500000000000004
155.59999999999545,0.45249999999999996
155.69999999999544,0.38
155.79999999999544,0.38
155.89999999999543,0.38
155.99999999999542,0.38
156.09999999999542,0.40999999999999998
156.19999999999541,0.42999999999999999
156.29999999999541,0.45000000000000001
156.3999999999954,0.46999999999999997
156.4999999999954,0.46999999999999997
156.59999999999539,0.46999999999999997
156.69999999999538,0.47999999999999998
156.79999999999538,0.47999999999999998
156.89999999999537,0.47999999999999998
156.99999999999537,0.47999999999999998
157.09999999999536,0.46999999999999997
157.19999999999536,0.42999999999999999
157.29999999999535,0.38
157.39999999999534,0.33000000000000002
157.49999999999534,0.29999999999999999
157.59999999999533,0.28000000000000003
157.69999999999533,0.26000000000000001
157.79999999999532,0.25
157.89999999999532,0.25
157.99999999999531,0.25
158.0999999999953,0.23999999999999999
158.1999999999953,0.20999999999999999
158.29999999999529,0.19
158.39999999999529,0.17999999999999999
158.49999999999528,0.16
158.59999999999528,0.14000000000000001
158.69999999999527,0.10000000000000001
158.79999999999526,0.089999999999999997
158.89999999999526,0.080000000000000002
158.99999999999525,0.080000000000000002
159.09999999999525,0.080000000000000002
159.19999999999524,0.070000000000000007
159.29999999999524,0.050000000000000003
159.39999999999523,0.029999999999999999
159.49999999999523,0.029999999999999999
159.59999999999522,0.029999999999999999
159.69999999999521,0.029999999999999999
159.79999999999521,0.02
159.8999999999952,0.02
159.9999999999952,0.02
160.09999999999519,0.02
160.19999999999519,0.02
160.29999999999518,0.02
160.39999999999517,0.02
160.49999999999517,0.02
160.59999999999516,0.02
160.69999999999516,0.029999999999999999
160.79999999999515,0.040000000000000001
160.89999999999515,0.040000000000000001
160.99999999999514,0.040000000000000001
161.09999999999513,0.050000000000000003
161.19999999999513,0.070000000000000007
161.29999999999512,0.080000000000000002
161.39999999999512,0.10000000000000001
161.49999999999511,0.10000000000000001
161.59999999999511,0.11
161.6999999999951,0.12
161.79999999999509,0.13
161.89999999999509,0.14999999999999999
161.99999999999508,0.16
162.09999999999508,0.17000000000000001
162.19999999999507,0.17999999999999999
162.29999999999507,0.17999999999999999
162.39999999999506,0.17999999999999999
162.49999999999505,0.19
162.59999999999505,0.20000000000000001
162.69999999999504,0.20000000000000001
162.79999999999504,0.20000000000000001
162.89999999999503,0.20000000000000001
162.99999999999503,0.19
163.09999999999502,0.17999999999999999
163.19999999999501,0.17000000000000001
163.29999999999501,0.14999999999999999
163.399999999995,0.10000000000000001
163.499999999995,0.0
163.59999999999499,0.0
163.69999999999499,0.0
163.79999999999498,0.0
163.89999999999498,0.0
163.99999999999497,0.0
164.09999999999496,0.0
164.19999999999496,0.0
164.29999999999495,0.0
164.39999999999495,0.0
164.49999999999494,0.0
164.59999999999494,0.0
164.69999999999493,0.0
164.79999999999492,0.0
164.89999999999492,0.0
164.99999999999491,0.0
165.09999999999491,0.0
165.1999999999949,0.0
165.2999999999949,0.0
165.39999999999489,0.0
165.49999999999488,0.0
165.59999999999488,0.0
165.69999999999487,0.0
165.79999999999487,0.0
165.89999999999486,0.0
165.99999999999486,0.01
166.09999999999485,0.029999999999999999
166.19999999999484,0.040000000000000001
166.29999999999484,0.059999999999999998
166.39999999999483,0.080000000000000002
166.49999999999483,0.089999999999999997
166.59999999999482,0.12
166.69999999999482,0.14000000000000001
166.79999999999481,0.14000000000000001
166.8999999999948,0.17000000000000001
166.9999999999948,0.20000000000000001
167.09999999999479,0.22
167.19999999999479,0.26000000000000001
167.29999999999478,0.28000000000000003
167.39999999999478,0.29999999999999999
167.49999999999477,0.31
167.59999999999476,0.33000000000000002
167.69999999999476,0.34999999999999998
167.79999999999475,0.35999999999999999
167.89999999999475,0.37
167.99999999999474,0.37
168.09999999999474,0.37
168.19999999999473,0.37
168.29999999999472,0.37
168.39999999999472,0.37
168.49999999999471,0.375
168.59999999999471,0.39000000000000001
168.6999999999947,0.40999999999999998
168.7999999999947,0.46000000000000002
168.89999999999469,0.48999999999999999
168.99999999999469,0.53000000000000003
169.09999999999468,0.57999999999999996
169.19999999999467,0.58999999999999997
169.29999999999467,0.58999999999999997
169.39999999999466,0.59999999999999998
169.49999999999466,0.59999999999999998
169.59999999999465,0.59999999999999998
169.69999999999465,0.60999999999999999
169.79999999999464,0.62
169.89999999999463,0.63
169.99999999999463,0.64000000000000001
170.09999999999462,0.64000000000000001
170.19999999999462,0.64000000000000001
170.29999999999461,0.64000000000000001
170.39999999999461,0.64000000000000001
170.4999999999946,0.64000000000000001
170.59999999999459,0.64000000000000001
170.69999999999459,0.64000000000000001
170.79999999999458,0.64000000000000001
170.89999999999458,0.64000000000000001
170.99999999999457,0.64000000000000001
171.09999999999457,0.64000000000000001
171.19999999999456,0.64000000000000001
171.29999999999455,0.64000000000000001
171.39999999999455,0.64000000000000001
171.49999999999454,0.64000000000000001
171.59999999999454,0.63
171.69999999999453,0.56999999999999995
171.79999999999453,0.5
171.89999999999452,0.46999999999999997
171.99999999999451,0.45000000000000001
172.09999999999451,0.45000000000000001
172.1999999999945,0.45000000000000001
172.2999999999945,0.45000000000000001
172.39999999999449,0.45000000000000001
172.49999999999449,0.42999999999999999
172.59999999999448,0.41999999999999998
172.69999999999447,0.40999999999999998
172.79999999999447,0.40000000000000002
172.89999999999446,0.39000000000000001
172.99999999999446,0.39000000000000001
173.09999999999445,0.38
173.19999999999445,0.38
173.29999999999444,0.38
173.39999999999444,0.38
173.49999999999443,0.38
173.59999999999442,0.38
173.69999999999442,0.38
173.79999999999441,0.38
173.89999999999441,0.37
173.9999999999944,0.37
174.0999999999944,0.37
174.19999999999439,0.37
174.29999999999438,0.37
174.39999999999438,0.37
174.49999999999437,0.37
174.59999999999437,0.37
174.69999999999436,0.35999999999999999
174.79999999999436,0.34000000000000002
174.89999999999435,0.33000000000000002
174.99999999999434,0.31
175.09999999999434,0.28000000000000003
175.19999999999433,0.26000000000000001
175.29999999999433,0.23999999999999999
175.39999999999432,0.23000000000000001
175.49999999999432,0.22
175.59999999999431,0.20999999999999999
175.6999999999943,0.20000000000000001
175.7999999999943,0.17999999999999999
175.89999999999429,0.16
175.99999999999429,0.14000000000000001
176.09999999999428,0.13
176.19999999999428,0.12
176.29999999999427,0.11
176.39999999999426,0.10000000000000001
176.49999999999426,0.089999999999999997
176.59999999999425,0.080000000000000002
176.69999999999425,0.070000000000000007
176.79999999999424,0.029999999999999999
176.89999999999424,0.0
176.99999999999423,0.0
177.09999999999422,0.0
177.19999999999422,0.0
177.29999999999421,0.0
177.39999999999421,0.0
177.4999999999942,0.0
177.5999999999942,0.0
177.69999999999419,0.0
177.79999999999418,0.0
177.89999999999418,0.0
